id,montadora,modelo,slug,categoria,body_type,fuel_type,powertrain_type,ano,motor,potencia_cv,cambio,consumo,preco_a_partir_rs,preco_bucket,preco_obs,cores,itens,audience_tags,use_cases,selling_angles,tradeoffs,retrieval_keywords,official_url,official_model_year_observed,imagem_arquivo,imagens,foto_referencia,desc,retrieval_text
1,Toyota,Corolla,toyota-corolla,Sedan,sedan,hybrid_option,hybrid_available,2026,2.0 Flex (ou Híbrido 1.8),175 (2.0) / 122 (híbrido),Automático CVT,~11–14 km/l (híbrido mais econômico),160000,150k-220k,referência,"Branco, Prata, Preto, Cinza, Vermelho","Porta-malas 470 L, multimídia, pacote de assistências (TSS)","sedan medio; conforto; confiabilidade; familia; executivo","familias que querem sedan confortavel e porta-malas grande; uso executivo com foco em conforto e baixa friccao; clientes que valorizam seguranca e reputacao de revenda","sedan medio com versoes flex e hibrida; porta-malas de 470 L no pacote original; boa combinacao de conforto, confiabilidade e eficiencia na versao hibrida","nao entrega a altura de rodagem de um SUV; versoes hibridas tendem a ter preco maior que opcoes flex de entrada","sedan medio; corolla hibrido; porta malas 470 litros; CVT; Toyota Safety Sense; XEi; Altis Premium",https://www.toyota.com.br/modelos/corolla,2026,imagens/toyota_corolla.jpg,"imagens/toyota_corolla.jpg; imagens/toyota_corolla_02.jpg; imagens/toyota_corolla_03.jpg; imagens/toyota_corolla_04.jpg",https://commons.wikimedia.org/wiki/Category:Toyota_Corolla,"Sedan médio Toyota. Versões 2.0 flex de 175 cv e híbrida 1.8 com 122 cv combinados, câmbio CVT. Porta-malas de 470 L.","Toyota Corolla (2026) Categoria: Sedan. Carroceria normalizada: sedan. Propulsao: hybrid_available. Motor: 2.0 Flex (ou Híbrido 1.8). Potencia: 175 (2.0) / 122 (híbrido) cv. Cambio: Automático CVT. Consumo/autonomia: ~11–14 km/l (híbrido mais econômico). Preco do pacote: a partir de R$ 160.000 (referência). Cores: Branco, Prata, Preto, Cinza, Vermelho. Itens e versoes: Porta-malas 470 L, multimídia, pacote de assistências (TSS). Descricao do pacote: Sedan médio Toyota. Versões 2.0 flex de 175 cv e híbrida 1.8 com 122 cv combinados, câmbio CVT. Porta-malas de 470 L. Pontos enriquecidos por fonte oficial: A pagina oficial apresenta o Corolla 2026 com versoes XEi e Altis Premium. A pagina oficial destaca central multimidia de 10 polegadas, conjunto optico full LED e USB-C traseiro. Casos de uso recomendados: familias que querem sedan confortavel e porta-malas grande uso executivo com foco em conforto e baixa friccao clientes que valorizam seguranca e reputacao de revenda Trade-offs: nao entrega a altura de rodagem de um SUV versoes hibridas tendem a ter preco maior que opcoes flex de entrada Palavras-chave: sedan medio, corolla hibrido, porta malas 470 litros, CVT, Toyota Safety Sense, XEi, Altis Premium."
2,Toyota,Corolla Cross,toyota-corolla-cross,SUV,suv,hybrid_option,hybrid_available,2026,2.0 Flex (ou Híbrido 1.8),175 (2.0) / 122 (híbrido),Automático CVT,~10–14 km/l (híbrido mais econômico),170790,150k-220k,R$ 170.790 a R$ 215.990,"Branco, Prata, Preto, Cinza, Azul","Porta-malas 440 L, TSS, versões XR/XRE/XRX Hybrid","SUV medio; familia; conforto; hibrido; seguranca","familias que preferem posicao de dirigir mais alta; uso urbano e rodoviario com foco em conforto; cliente que quer SUV com opcao hibrida e reputacao Toyota","SUV medio derivado do Corolla com opcoes flex e hibrida; porta-malas de 440 L no pacote original; boa resposta para comparacoes entre SUV, economia e seguranca","preco de entrada acima de hatches e sedans compactos; o pacote deve deixar claro quando fala de preco 2026 vs pagina oficial atual 2027","SUV medio; Corolla Cross Hybrid; porta malas 440 litros; XRE; XRX; painel digital 12,3; CVT",https://www.toyota.com.br/modelos/corolla-cross,2027,imagens/toyota_corolla_cross.jpg,"imagens/toyota_corolla_cross.jpg; imagens/toyota_corolla_cross_02.jpg; imagens/toyota_corolla_cross_03.jpg; imagens/toyota_corolla_cross_04.jpg",https://commons.wikimedia.org/wiki/Category:Toyota_Corolla_Cross,"SUV médio derivado do Corolla. Motor 2.0 flex de 175 cv ou híbrido 1.8 de 122 cv, CVT. Porta-malas de 440 L. Preço de R$ 170.790 a R$ 215.990.","Toyota Corolla Cross (2026) Categoria: SUV. Carroceria normalizada: suv. Propulsao: hybrid_available. Motor: 2.0 Flex (ou Híbrido 1.8). Potencia: 175 (2.0) / 122 (híbrido) cv. Cambio: Automático CVT. Consumo/autonomia: ~10–14 km/l (híbrido mais econômico). Preco do pacote: a partir de R$ 170.790 (R$ 170.790 a R$ 215.990). Cores: Branco, Prata, Preto, Cinza, Azul. Itens e versoes: Porta-malas 440 L, TSS, versões XR/XRE/XRX Hybrid. Descricao do pacote: SUV médio derivado do Corolla. Motor 2.0 flex de 175 cv ou híbrido 1.8 de 122 cv, CVT. Porta-malas de 440 L. Preço de R$ 170.790 a R$ 215.990. Pontos enriquecidos por fonte oficial: A pagina oficial destaca versoes XRE e XRX para o Corolla Cross atual. A pagina oficial destaca painel digital de 12,3 polegadas, farois de LED e atributos de conforto/comodidade. Casos de uso recomendados: familias que preferem posicao de dirigir mais alta uso urbano e rodoviario com foco em conforto cliente que quer SUV com opcao hibrida e reputacao Toyota Trade-offs: preco de entrada acima de hatches e sedans compactos o pacote deve deixar claro quando fala de preco 2026 vs pagina oficial atual 2027 Palavras-chave: SUV medio, Corolla Cross Hybrid, porta malas 440 litros, XRE, XRX, painel digital 12,3, CVT."
3,Toyota,Hilux,toyota-hilux,Picape,picape,diesel,combustion,2026,2.8 Turbodiesel,204 (GR-S 224),Automático 6 / 4x4,"~9 km/l cidade, ~10 km/l estrada",242590,acima-220k,R$ 242.590 a R$ 334.890,"Branco, Prata, Preto, Cinza, Vermelho","Tração 4x4, reboque até 3.500 kg, versões SR/SRV/SRX/GR-S","picape; diesel; 4x4; trabalho; robustez","uso profissional com carga e pisos ruins; fazenda, estrada de terra e rotina fora do asfalto; cliente que precisa de tracao 4x4 e robustez","motor 2.8 turbodiesel com foco em torque; tracao 4x4 reduzida e bloqueio de diferencial nas versoes do pacote oficial; imagem de robustez e durabilidade","maior preco de entrada no catalogo; menos pratica para vagas pequenas e uso exclusivamente urbano","picape diesel; 2.8 turbodiesel; 4x4 reduzida; bloqueio diferencial; SRX; SRV; Hilux cabine dupla",https://www.toyota.com.br/modelos/hilux-cabine-dupla,2026,imagens/toyota_hilux.jpg,"imagens/toyota_hilux.jpg; imagens/toyota_hilux_02.jpg; imagens/toyota_hilux_03.jpg; imagens/toyota_hilux_04.jpg",https://commons.wikimedia.org/wiki/Category:Toyota_HiLux,"Picape média cabine dupla. Motor 2.8 turbodiesel de 204 cv (224 cv na GR-S), automático de 6 marchas e tração 4x4. Reboque de até 3.500 kg. Preço de R$ 242.590 a R$ 334.890.","Toyota Hilux (2026) Categoria: Picape. Carroceria normalizada: picape. Propulsao: combustion. Motor: 2.8 Turbodiesel. Potencia: 204 (GR-S 224) cv. Cambio: Automático 6 / 4x4. Consumo/autonomia: ~9 km/l cidade, ~10 km/l estrada. Preco do pacote: a partir de R$ 242.590 (R$ 242.590 a R$ 334.890). Cores: Branco, Prata, Preto, Cinza, Vermelho. Itens e versoes: Tração 4x4, reboque até 3.500 kg, versões SR/SRV/SRX/GR-S. Descricao do pacote: Picape média cabine dupla. Motor 2.8 turbodiesel de 204 cv (224 cv na GR-S), automático de 6 marchas e tração 4x4. Reboque de até 3.500 kg. Preço de R$ 242.590 a R$ 334.890. Pontos enriquecidos por fonte oficial: A pagina oficial da Hilux Cabine Dupla 2026 lista versoes STD Power Pack AT, SR AT, SRV AT, SRX AT e SRX Plus AT. A pagina oficial descreve motor 2.8L 16V turbo diesel S10, 204 cv, 50,9 kgf.m, transmissao automatica de 6 velocidades, tracao 4x4 reduzida e bloqueio do diferencial traseiro. Casos de uso recomendados: uso profissional com carga e pisos ruins fazenda, estrada de terra e rotina fora do asfalto cliente que precisa de tracao 4x4 e robustez Trade-offs: maior preco de entrada no catalogo menos pratica para vagas pequenas e uso exclusivamente urbano Palavras-chave: picape diesel, 2.8 turbodiesel, 4x4 reduzida, bloqueio diferencial, SRX, SRV, Hilux cabine dupla."
4,Volkswagen,Polo,volkswagen-polo,Hatch,hatch,flex,combustion,2026,1.0 MPI / 1.0 TSI / 1.4 TSI turbo,84 / 116 / 150,Manual 5 ou Automático 6,~11–14 km/l,107990,ate-110k,a partir de ~R$ 107.990,"Branco, Prata, Preto, Cinza, Vermelho, Azul","Multimídia VW Play, versões Sense/TSI/GTS","hatch; urbano; primeiro carro; tecnologia; economia","uso urbano diario com facil estacionamento; primeiro carro 0 km com boa lista de seguranca; cliente que quer hatch compacto com tecnologia embarcada","hatch compacto com motores MPI e TSI; porta-malas de 300 L indicado na pagina oficial; VW Play, painel digital e carregador por inducao em versoes","menor porta-malas que sedans e SUVs; espaco traseiro mais limitado para familia grande","hatch urbano; Polo TSI; porta malas 300 litros; VW Play; ESC; ISOFIX; XDS",https://www.vw.com.br/pt/carros/polo.html,current,imagens/volkswagen_polo.jpg,"imagens/volkswagen_polo.jpg; imagens/volkswagen_polo_02.jpg; imagens/volkswagen_polo_03.jpg; imagens/volkswagen_polo_04.jpg",https://commons.wikimedia.org/wiki/Category:Volkswagen_Polo_VI,"Hatch compacto. Motores 1.0 MPI (84 cv), 1.0 TSI turbo (116 cv) e 1.4 TSI turbo (150 cv), câmbio manual ou automático de 6 marchas. A partir de ~R$ 107.990.","Volkswagen Polo (2026) Categoria: Hatch. Carroceria normalizada: hatch. Propulsao: combustion. Motor: 1.0 MPI / 1.0 TSI / 1.4 TSI turbo. Potencia: 84 / 116 / 150 cv. Cambio: Manual 5 ou Automático 6. Consumo/autonomia: ~11–14 km/l. Preco do pacote: a partir de R$ 107.990 (a partir de ~R$ 107.990). Cores: Branco, Prata, Preto, Cinza, Vermelho, Azul. Itens e versoes: Multimídia VW Play, versões Sense/TSI/GTS. Descricao do pacote: Hatch compacto. Motores 1.0 MPI (84 cv), 1.0 TSI turbo (116 cv) e 1.4 TSI turbo (150 cv), câmbio manual ou automático de 6 marchas. A partir de ~R$ 107.990. Pontos enriquecidos por fonte oficial: A pagina oficial destaca motor MPI/TSI, potencia de 116 cv no TSI e porta-malas de 300 litros. A pagina oficial cita VW Play, painel digital, carregador por inducao e recursos de seguranca como ESC, ISOFIX e assistente de partida em rampa. Casos de uso recomendados: uso urbano diario com facil estacionamento primeiro carro 0 km com boa lista de seguranca cliente que quer hatch compacto com tecnologia embarcada Trade-offs: menor porta-malas que sedans e SUVs espaco traseiro mais limitado para familia grande Palavras-chave: hatch urbano, Polo TSI, porta malas 300 litros, VW Play, ESC, ISOFIX, XDS."
5,Volkswagen,Virtus,volkswagen-virtus,Sedan,sedan,flex,combustion,2026,1.0 TSI / 1.4 TSI turbo,116 / 150,Automático 6,~11–14 km/l,114390,110k-150k,a partir de ~R$ 114.390,"Branco, Prata, Preto, Cinza, Azul","Porta-malas 521 L, versões Sense/Comfortline/Highline/Exclusive","sedan compacto; porta-malas; familia; tecnologia; seguranca","familias que precisam de porta-malas grande; uso de aplicativo/viagens com bagagem; cliente que quer sedan compacto com motor turbo","porta-malas de 521 L indicado na pagina oficial; linha com motor TSI e potencia de ate 150 cv; bom candidato em comparacoes de espaco interno e bagagem","nao tem a altura de rodagem de um SUV; visual e dirigibilidade sao mais discretos que versoes esportivas de hatch","sedan compacto; porta malas 521 litros; Virtus TSI; Latin NCAP; Kessy; Climatronic",https://www.vw.com.br/pt/carros/virtus.html,current,imagens/volkswagen_virtus.jpg,"imagens/volkswagen_virtus.jpg; imagens/volkswagen_virtus_02.jpg; imagens/volkswagen_virtus_03.jpg; imagens/volkswagen_virtus_04.jpg",https://commons.wikimedia.org/wiki/Category:Volkswagen_Virtus,"Sedan compacto. Motores 1.0 TSI (116 cv) e 1.4 TSI (150 cv), automático de 6 marchas. Porta-malas de 521 L. A partir de ~R$ 114.390.","Volkswagen Virtus (2026) Categoria: Sedan. Carroceria normalizada: sedan. Propulsao: combustion. Motor: 1.0 TSI / 1.4 TSI turbo. Potencia: 116 / 150 cv. Cambio: Automático 6. Consumo/autonomia: ~11–14 km/l. Preco do pacote: a partir de R$ 114.390 (a partir de ~R$ 114.390). Cores: Branco, Prata, Preto, Cinza, Azul. Itens e versoes: Porta-malas 521 L, versões Sense/Comfortline/Highline/Exclusive. Descricao do pacote: Sedan compacto. Motores 1.0 TSI (116 cv) e 1.4 TSI (150 cv), automático de 6 marchas. Porta-malas de 521 L. A partir de ~R$ 114.390. Pontos enriquecidos por fonte oficial: A pagina oficial informa motor TSI/200 TSI/250 TSI, potencia de ate 150 cv e porta-malas de 521 litros. A pagina oficial destaca nota maxima em seguranca no Latin NCAP para o Virtus. Casos de uso recomendados: familias que precisam de porta-malas grande uso de aplicativo/viagens com bagagem cliente que quer sedan compacto com motor turbo Trade-offs: nao tem a altura de rodagem de um SUV visual e dirigibilidade sao mais discretos que versoes esportivas de hatch Palavras-chave: sedan compacto, porta malas 521 litros, Virtus TSI, Latin NCAP, Kessy, Climatronic."
6,Volkswagen,T-Cross,volkswagen-t-cross,SUV,suv,flex,combustion,2026,1.0 TSI / 1.4 TSI turbo,116 / 150,Automático 6,~10–13 km/l,129990,110k-150k,a partir de ~R$ 129.990,"Branco, Prata, Preto, Cinza, Vermelho","Porta-malas 373 L, versões Sense/Comfortline/Highline/Extreme","SUV compacto; familia; seguranca; tecnologia; urbano","familia pequena que quer SUV compacto; uso urbano com porta-malas versatil; cliente que valoriza seguranca ativa e conectividade","SUV compacto com motores 200 TSI e 250 TSI; porta-malas flexivel entre 373 L e 420 L conforme metodo VDA na pagina oficial; forte argumento de seguranca com 5 estrelas Latin NCAP","preco acima de hatches compactos; porta-malas pode variar conforme posicao/configuracao dos bancos","SUV compacto; T-Cross 200 TSI; T-Cross 250 TSI; porta malas 373 420; Latin NCAP; VW Play Connect; Lane Assist",https://www.vw.com.br/pt/carros/t-cross.html,current,imagens/volkswagen_t_cross.jpg,"imagens/volkswagen_t_cross.jpg; imagens/volkswagen_t_cross_02.jpg; imagens/volkswagen_t_cross_03.jpg; imagens/volkswagen_t_cross_04.jpg",https://commons.wikimedia.org/wiki/Category:Volkswagen_T-Cross,"SUV compacto. Motores 1.0 TSI (116 cv) e 1.4 TSI (150 cv), automático de 6 marchas. Porta-malas de 373 L. A partir de ~R$ 129.990.","Volkswagen T-Cross (2026) Categoria: SUV. Carroceria normalizada: suv. Propulsao: combustion. Motor: 1.0 TSI / 1.4 TSI turbo. Potencia: 116 / 150 cv. Cambio: Automático 6. Consumo/autonomia: ~10–13 km/l. Preco do pacote: a partir de R$ 129.990 (a partir de ~R$ 129.990). Cores: Branco, Prata, Preto, Cinza, Vermelho. Itens e versoes: Porta-malas 373 L, versões Sense/Comfortline/Highline/Extreme. Descricao do pacote: SUV compacto. Motores 1.0 TSI (116 cv) e 1.4 TSI (150 cv), automático de 6 marchas. Porta-malas de 373 L. A partir de ~R$ 129.990. Pontos enriquecidos por fonte oficial: A pagina oficial informa motores 200 TSI e 250 TSI e porta-malas de 373 L a 420 L (VDA). A pagina oficial destaca 5 estrelas no Latin NCAP, 6 airbags, alerta de trafego traseiro, detector de ponto cego e assistente de faixa. Casos de uso recomendados: familia pequena que quer SUV compacto uso urbano com porta-malas versatil cliente que valoriza seguranca ativa e conectividade Trade-offs: preco acima de hatches compactos porta-malas pode variar conforme posicao/configuracao dos bancos Palavras-chave: SUV compacto, T-Cross 200 TSI, T-Cross 250 TSI, porta malas 373 420, Latin NCAP, VW Play Connect, Lane Assist."
7,Chevrolet,Onix,chevrolet-onix,Hatch,hatch,flex,combustion,2026,1.0 aspirado / 1.0 turbo,82 / 116,Manual 6 ou Automático 6,~12–15 km/l,99990,ate-110k,a partir de R$ 99.990,"Branco, Prata, Preto, Cinza, Vermelho, Azul","Porta-malas 275 L, versões 1.0/LT/Premier/RS","hatch; urbano; conectividade; custo-beneficio; seguranca","uso urbano diario com bom custo-beneficio; cliente que quer conectividade e multimidia moderna; primeiro carro ou upgrade de compacto","hatch compacto com versoes aspiradas e turbo no pacote; porta-malas de 303 L na pagina oficial atual; forte argumento de conectividade com MyLink, Wi-Fi nativo e OnStar","pagina oficial atual traz linha 2027 e pode divergir do dataset 2026; menos espaco de porta-malas que sedans como Virtus e HB20S","hatch compacto; Onix turbo; MyLink 11; Wi-Fi nativo; OnStar; porta malas 303 litros; 6 airbags",https://www.chevrolet.com.br/carros/novo-onix,2027,imagens/chevrolet_onix.jpg,"imagens/chevrolet_onix.jpg; imagens/chevrolet_onix_02.jpg; imagens/chevrolet_onix_03.jpg; imagens/chevrolet_onix_04.jpg",https://commons.wikimedia.org/wiki/Category:Chevrolet_Onix,"Hatch compacto. Motores 1.0 aspirado (82 cv) e 1.0 turbo (116 cv), câmbio manual ou automático de 6 marchas. Porta-malas de 275 L. A partir de R$ 99.990.","Chevrolet Onix (2026) Categoria: Hatch. Carroceria normalizada: hatch. Propulsao: combustion. Motor: 1.0 aspirado / 1.0 turbo. Potencia: 82 / 116 cv. Cambio: Manual 6 ou Automático 6. Consumo/autonomia: ~12–15 km/l. Preco do pacote: a partir de R$ 99.990 (a partir de R$ 99.990). Cores: Branco, Prata, Preto, Cinza, Vermelho, Azul. Itens e versoes: Porta-malas 275 L, versões 1.0/LT/Premier/RS. Descricao do pacote: Hatch compacto. Motores 1.0 aspirado (82 cv) e 1.0 turbo (116 cv), câmbio manual ou automático de 6 marchas. Porta-malas de 275 L. A partir de R$ 99.990. Pontos enriquecidos por fonte oficial: A pagina oficial atual informa preco a partir de R$ 99.990 para Onix 2027, motor turbo de 115 cv e 16,8 kgfm, MyLink de 11 polegadas e OnStar. A pagina oficial destaca porta-malas de 303 litros, 6 airbags, controle de estabilidade, alerta de ponto cego e monitoramento de pressao dos pneus. Casos de uso recomendados: uso urbano diario com bom custo-beneficio cliente que quer conectividade e multimidia moderna primeiro carro ou upgrade de compacto Trade-offs: pagina oficial atual traz linha 2027 e pode divergir do dataset 2026 menos espaco de porta-malas que sedans como Virtus e HB20S Palavras-chave: hatch compacto, Onix turbo, MyLink 11, Wi-Fi nativo, OnStar, porta malas 303 litros, 6 airbags."
8,Chevrolet,Tracker,chevrolet-tracker,SUV,suv,flex,combustion,2026,1.0 turbo / 1.2 turbo,116 / 141,Automático 6,~10–13 km/l,129000,110k-150k,a partir de ~R$ 129.000,"Branco, Prata, Preto, Cinza, Vermelho","Porta-malas 393 L, versões LT/LTZ/Premier/RS","SUV compacto; familia; conectividade; seguranca; turbo","familias que querem SUV compacto conectado; uso urbano com porta-malas versatil; cliente que valoriza seguranca ativa e multimidia moderna","SUV compacto com motores turbo no pacote; pagina oficial atual destaca motor turbo com injecao direta de ate 141 cv; OnStar, Wi-Fi nativo e MyLink de 11 polegadas fortalecem perguntas sobre conectividade","preco acima de hatches compactos; pagina oficial atual 2027 pode divergir de preco/versoes 2026 do pacote","SUV compacto; Tracker turbo; 141 cv; MyLink 11; OnStar; Wi-Fi nativo; alerta ponto cego; frenagem automatica",https://www.chevrolet.com.br/suvs/novo-tracker,2027,imagens/chevrolet_tracker.jpg,"imagens/chevrolet_tracker.jpg; imagens/chevrolet_tracker_02.jpg; imagens/chevrolet_tracker_03.jpg; imagens/chevrolet_tracker_04.jpg",https://commons.wikimedia.org/wiki/Category:Chevrolet_Tracker_(4th_generation),"SUV compacto. Motores 1.0 turbo (116 cv) e 1.2 turbo (141 cv), automático de 6 marchas. Porta-malas de 393 L. A partir de ~R$ 129.000.","Chevrolet Tracker (2026) Categoria: SUV. Carroceria normalizada: suv. Propulsao: combustion. Motor: 1.0 turbo / 1.2 turbo. Potencia: 116 / 141 cv. Cambio: Automático 6. Consumo/autonomia: ~10–13 km/l. Preco do pacote: a partir de R$ 129.000 (a partir de ~R$ 129.000). Cores: Branco, Prata, Preto, Cinza, Vermelho. Itens e versoes: Porta-malas 393 L, versões LT/LTZ/Premier/RS. Descricao do pacote: SUV compacto. Motores 1.0 turbo (116 cv) e 1.2 turbo (141 cv), automático de 6 marchas. Porta-malas de 393 L. A partir de ~R$ 129.000. Pontos enriquecidos por fonte oficial: A pagina oficial atual destaca motor turbo com injecao direta e ate 141 cv. A pagina oficial atual destaca OnStar, Wi-Fi nativo, MyLink de 11 polegadas, alerta de colisao com frenagem automatica, alerta de pedestres/ciclistas e alerta de ponto cego. Casos de uso recomendados: familias que querem SUV compacto conectado uso urbano com porta-malas versatil cliente que valoriza seguranca ativa e multimidia moderna Trade-offs: preco acima de hatches compactos pagina oficial atual 2027 pode divergir de preco/versoes 2026 do pacote Palavras-chave: SUV compacto, Tracker turbo, 141 cv, MyLink 11, OnStar, Wi-Fi nativo, alerta ponto cego, frenagem automatica."
9,Chevrolet,Montana,chevrolet-montana,Picape,picape,flex,combustion,2026,1.2 turbo,133,Automático 6,~10–13 km/l,128000,110k-150k,referência (~R$ 128.000),"Branco, Prata, Preto, Cinza, Vermelho","Caçamba ~874 L, versões LT/LTZ/Premier/RS","picape compacta; trabalho leve; familia; caçamba; turbo","cliente que precisa de caçamba sem ir para picape media diesel; uso misto trabalho/familia; transporte leve com mais versatilidade que hatch ou sedan","picape compacta com motor 1.2 turbo no pacote; pagina oficial atual destaca caçamba Multi-Flex de ate 874 L; boa resposta para clientes que perguntam sobre carga leve e praticidade","menos robusta para uso pesado que Hilux; pagina oficial atual 2027 mostra preco superior ao pacote 2026","picape compacta; Montana 1.2 turbo; caçamba Multi-Flex; 874 litros; MyLink 11; OnStar; 22,9 kgfm",https://www.chevrolet.com.br/picapes/chevrolet-montana,2027,imagens/chevrolet_montana.jpg,"imagens/chevrolet_montana.jpg; imagens/chevrolet_montana_02.jpg; imagens/chevrolet_montana_03.jpg; imagens/chevrolet_montana_04.jpg",https://commons.wikimedia.org/wiki/Category:Chevrolet_Montana,"Picape compacta. Motor 1.2 turbo de 133 cv, automático de 6 marchas. Boa capacidade de caçamba. Preço de referência a partir de ~R$ 128.000.","Chevrolet Montana (2026) Categoria: Picape. Carroceria normalizada: picape. Propulsao: combustion. Motor: 1.2 turbo. Potencia: 133 cv. Cambio: Automático 6. Consumo/autonomia: ~10–13 km/l. Preco do pacote: a partir de R$ 128.000 (referência (~R$ 128.000)). Cores: Branco, Prata, Preto, Cinza, Vermelho. Itens e versoes: Caçamba ~874 L, versões LT/LTZ/Premier/RS. Descricao do pacote: Picape compacta. Motor 1.2 turbo de 133 cv, automático de 6 marchas. Boa capacidade de caçamba. Preço de referência a partir de ~R$ 128.000. Pontos enriquecidos por fonte oficial: A pagina oficial atual destaca motor 1.2 turbo de 141 cv e 22,9 kgfm. A pagina oficial atual destaca caçamba Multi-Flex de ate 874 litros, 8 ganchos de amarracao, tampa com alivio de peso, iluminacao lateral dupla e capota maritima. Casos de uso recomendados: cliente que precisa de caçamba sem ir para picape media diesel uso misto trabalho/familia transporte leve com mais versatilidade que hatch ou sedan Trade-offs: menos robusta para uso pesado que Hilux pagina oficial atual 2027 mostra preco superior ao pacote 2026 Palavras-chave: picape compacta, Montana 1.2 turbo, caçamba Multi-Flex, 874 litros, MyLink 11, OnStar, 22,9 kgfm."
10,Hyundai,HB20,hyundai-hb20,Hatch,hatch,flex,combustion,2026,1.0 aspirado / 1.0 turbo,80 / 120,Manual 5 ou Automático 6,~12–15 km/l,95790,ate-110k,R$ 95.790 a R$ 129.650,"Branco, Prata, Preto, Cinza, Azul, Vermelho","Porta-malas 300 L, versões Sense/Comfort/Limited/Platinum","hatch; urbano; seguranca ativa; Bluelink; compacto","uso urbano com hatch compacto; cliente que quer bom pacote de seguranca ativa; primeiro carro com conectividade e manutencao simples","hatch compacto com opcoes 1.0 aspirado e 1.0 turbo no pacote; pagina oficial atual destaca Hyundai SmartSense em recursos como FCA, LFA/LKA, RCCA e BCA; cores oficiais incluem Branco Atlas, Preto Onix, Prata Brisk, Prata Sand, Cinza Silk, Cinza Shadow e Azul Sapphire","porta-malas e espaco inferiores aos sedans/SUVs; pagina oficial atual usa potencia 120 cv para motor turbo GDI, enquanto pacote resume 80/120","hatch compacto; HB20; Kappa 1.0; Kappa 1.0 Turbo GDI; Hyundai SmartSense; Bluelink; FCA; LFA; LKA; RCCA; BCA",https://www.hyundai.com.br/veiculos/novo-hyundai-hb20.html,2026/2027,imagens/hyundai_hb20.jpg,"imagens/hyundai_hb20.jpg; imagens/hyundai_hb20_02.jpg",https://commons.wikimedia.org/wiki/Category:Hyundai_HB20_(BR2),"Hatch compacto. Motores 1.0 aspirado (80 cv) e 1.0 turbo (120 cv), manual ou automático de 6 marchas. Porta-malas de 300 L. Preço de R$ 95.790 a R$ 129.650.","Hyundai HB20 (2026) Categoria: Hatch. Carroceria normalizada: hatch. Propulsao: combustion. Motor: 1.0 aspirado / 1.0 turbo. Potencia: 80 / 120 cv. Cambio: Manual 5 ou Automático 6. Consumo/autonomia: ~12–15 km/l. Preco do pacote: a partir de R$ 95.790 (R$ 95.790 a R$ 129.650). Cores: Branco, Prata, Preto, Cinza, Azul, Vermelho. Itens e versoes: Porta-malas 300 L, versões Sense/Comfort/Limited/Platinum. Descricao do pacote: Hatch compacto. Motores 1.0 aspirado (80 cv) e 1.0 turbo (120 cv), manual ou automático de 6 marchas. Porta-malas de 300 L. Preço de R$ 95.790 a R$ 129.650. Pontos enriquecidos por fonte oficial: A pagina oficial atual destaca motor Kappa 1.0 Turbo GDI Flex de 120 cv e 17,5 kgfm, alem de motor Kappa 1.0 Flex. A pagina oficial atual destaca FCA, SEW, LFA/LKA, RCCA, BCA, Bluelink e painel digital LCD de 10 polegadas em versoes. Casos de uso recomendados: uso urbano com hatch compacto cliente que quer bom pacote de seguranca ativa primeiro carro com conectividade e manutencao simples Trade-offs: porta-malas e espaco inferiores aos sedans/SUVs pagina oficial atual usa potencia 120 cv para motor turbo GDI, enquanto pacote resume 80/120 Palavras-chave: hatch compacto, HB20, Kappa 1.0, Kappa 1.0 Turbo GDI, Hyundai SmartSense, Bluelink, FCA, LFA, LKA, RCCA, BCA."
11,Hyundai,HB20S,hyundai-hb20s,Sedan,sedan,flex,combustion,2026,1.0 aspirado / 1.0 turbo,80 / 120,Manual 5 ou Automático 6,~12–15 km/l,104290,ate-110k,R$ 104.290 a R$ 135.310,"Branco, Prata, Preto, Cinza, Azul","Porta-malas 475 L, versões Sense/Comfort/Limited/Platinum","sedan compacto; porta-malas; urbano; seguranca ativa; Bluelink","cliente que gosta do HB20 mas precisa de mais porta-malas; familia pequena com rotina urbana; uso de viagem curta com bagagem","sedan compacto com porta-malas de 475 L no pacote original; mesmas familias de motores do HB20 no pacote; bom candidato para comparacao direta com Virtus e Corolla em custo/espaco","menos alto que SUV e menos robusto que picape; porta-malas menor que Virtus, mas maior que hatches do catalogo","sedan compacto; HB20S; porta malas 475 litros; Kappa 1.0 Turbo GDI; Bluelink; SmartSense; FCA; RCCA",https://www.hyundai.com.br/veiculos/novo-hyundai-hb20s.html,2026/2027,imagens/hyundai_hb20s.jpg,"imagens/hyundai_hb20s.jpg; imagens/hyundai_hb20s_02.jpg",https://commons.wikimedia.org/wiki/Category:Hyundai_HB20,Sedan compacto. Mesmas motorizações do HB20: 1.0 aspirado (80 cv) e 1.0 turbo (120 cv). Porta-malas de 475 L. Preço de R$ 104.290 a R$ 135.310.,"Hyundai HB20S (2026) Categoria: Sedan. Carroceria normalizada: sedan. Propulsao: combustion. Motor: 1.0 aspirado / 1.0 turbo. Potencia: 80 / 120 cv. Cambio: Manual 5 ou Automático 6. Consumo/autonomia: ~12–15 km/l. Preco do pacote: a partir de R$ 104.290 (R$ 104.290 a R$ 135.310). Cores: Branco, Prata, Preto, Cinza, Azul. Itens e versoes: Porta-malas 475 L, versões Sense/Comfort/Limited/Platinum. Descricao do pacote: Sedan compacto. Mesmas motorizações do HB20: 1.0 aspirado (80 cv) e 1.0 turbo (120 cv). Porta-malas de 475 L. Preço de R$ 104.290 a R$ 135.310. Pontos enriquecidos por fonte oficial: A pagina oficial atual destaca motor Kappa 1.0 Turbo GDI Flex de 120 cv e 17,5 kgfm, alem de Kappa 1.0 Flex. A pagina oficial atual destaca Hyundai SmartSense, Bluelink, ar-condicionado digital, rodas de 16 polegadas e motor turbo GDI de 120 cv em versoes. Casos de uso recomendados: cliente que gosta do HB20 mas precisa de mais porta-malas familia pequena com rotina urbana uso de viagem curta com bagagem Trade-offs: menos alto que SUV e menos robusto que picape porta-malas menor que Virtus, mas maior que hatches do catalogo Palavras-chave: sedan compacto, HB20S, porta malas 475 litros, Kappa 1.0 Turbo GDI, Bluelink, SmartSense, FCA, RCCA."
12,Hyundai,Creta,hyundai-creta,SUV,suv,flex,combustion,2026,1.0 turbo (e 1.6/2.0 conforme versão),120 (1.0 turbo),Automático 6,~10–13 km/l,149620,110k-150k,R$ 149.620 a R$ 198.120,"Branco, Prata, Preto, Cinza, Vermelho","Bluelink de série, versões Comfort/Limited/Platinum/N Line/Ultimate","SUV compacto; familia; seguranca ativa; Bluelink; porta-malas","familia que quer SUV compacto com bom pacote de tecnologia; cliente que quer porta-malas maior que hatches; uso urbano e viagens curtas com conforto","SUV compacto com motores 1.0 turbo e 1.6 turbo conforme versoes atuais; porta-malas de 422 L chegando a 1.401 L com configuracao de bancos na pagina oficial atual; recursos Hyundai SmartSense e Bluelink fortalecem respostas sobre tecnologia e seguranca","preco superior aos compactos HB20/HB20S; consumo pode variar bastante conforme motor/versao e uso","SUV compacto; Creta; porta malas 422 litros; 1401 litros; Gamma 1.6 Turbo GDI; Kappa 1.0 TGDI; Bluelink; SmartSense",https://www.hyundai.com.br/veiculos/novo-hyundai-creta.html,2026/2027,imagens/hyundai_creta.jpg,"imagens/hyundai_creta.jpg; imagens/hyundai_creta_02.jpg; imagens/hyundai_creta_03.jpg; imagens/hyundai_creta_04.jpg",https://commons.wikimedia.org/wiki/Category:Hyundai_Creta_(SU2),"SUV compacto. Motor 1.0 turbo de 120 cv (opções 1.6/2.0 por versão), automático de 6 marchas. Bluelink de série. Preço de R$ 149.620 a R$ 198.120.","Hyundai Creta (2026) Categoria: SUV. Carroceria normalizada: suv. Propulsao: combustion. Motor: 1.0 turbo (e 1.6/2.0 conforme versão). Potencia: 120 (1.0 turbo) cv. Cambio: Automático 6. Consumo/autonomia: ~10–13 km/l. Preco do pacote: a partir de R$ 149.620 (R$ 149.620 a R$ 198.120). Cores: Branco, Prata, Preto, Cinza, Vermelho. Itens e versoes: Bluelink de série, versões Comfort/Limited/Platinum/N Line/Ultimate. Descricao do pacote: SUV compacto. Motor 1.0 turbo de 120 cv (opções 1.6/2.0 por versão), automático de 6 marchas. Bluelink de série. Preço de R$ 149.620 a R$ 198.120. Pontos enriquecidos por fonte oficial: A pagina oficial atual destaca motor Gamma 1.6 Turbo GDI Flex de 176 cv e 27 kgfm, alem de Kappa 1.0 TGDI em versoes. A pagina oficial atual informa porta-malas de 422 litros, podendo chegar a 1.401 litros, e destaca SCC, SEW, RCCA, LFA/LKA, FCA e DAW. Casos de uso recomendados: familia que quer SUV compacto com bom pacote de tecnologia cliente que quer porta-malas maior que hatches uso urbano e viagens curtas com conforto Trade-offs: preco superior aos compactos HB20/HB20S consumo pode variar bastante conforme motor/versao e uso Palavras-chave: SUV compacto, Creta, porta malas 422 litros, 1401 litros, Gamma 1.6 Turbo GDI, Kappa 1.0 TGDI, Bluelink, SmartSense."
13,BYD,Dolphin,byd-dolphin,Hatch elétrico,hatch,electric,electric,2026,Elétrico (bateria BYD Blade),150–177,Automático (redução única),Autonomia ~291–405 km (NEDC conforme versão),149800,110k-150k,a partir de ~R$ 149.800 (SE R$ 159.990),"Branco, Prata, Cinza, Azul","Carga rápida DC, multimídia rotativa, ADAS","eletrico; hatch; urbano; eficiencia; bateria blade","cliente que quer entrar em carro eletrico; uso urbano com recarga residencial ou planejada; cliente que valoriza baixo ruido e tecnologia embarcada","hatch 100% eletrico com Bateria Blade; e-Platform 3.0 com foco em eficiencia, seguranca e autonomia; tela touchscreen rotativa de 12,8 polegadas no site oficial","depende de rotina de recarga; autonomia real varia com uso, clima e velocidade","hatch eletrico; BYD Dolphin; Bateria Blade; e-Platform 3.0; touchscreen 12,8; carro eletrico urbano",https://www.byd.com/br/car/dolphin,current,imagens/byd_dolphin.jpg,"imagens/byd_dolphin.jpg; imagens/byd_dolphin_02.jpg; imagens/byd_dolphin_03.jpg; imagens/byd_dolphin_04.jpg",https://commons.wikimedia.org/wiki/Category:BYD_Dolphin,"Hatch 100% elétrico. Motor elétrico de 150 a 177 cv conforme versão, autonomia de ~291 a 405 km (NEDC). Carga rápida em corrente contínua. A partir de ~R$ 149.800.","BYD Dolphin (2026) Categoria: Hatch elétrico. Carroceria normalizada: hatch. Propulsao: electric. Motor: Elétrico (bateria BYD Blade). Potencia: 150–177 cv. Cambio: Automático (redução única). Consumo/autonomia: Autonomia ~291–405 km (NEDC conforme versão). Preco do pacote: a partir de R$ 149.800 (a partir de ~R$ 149.800 (SE R$ 159.990)). Cores: Branco, Prata, Cinza, Azul. Itens e versoes: Carga rápida DC, multimídia rotativa, ADAS. Descricao do pacote: Hatch 100% elétrico. Motor elétrico de 150 a 177 cv conforme versão, autonomia de ~291 a 405 km (NEDC). Carga rápida em corrente contínua. A partir de ~R$ 149.800. Pontos enriquecidos por fonte oficial: A pagina oficial apresenta o Dolphin como hatch eletrico com melhor custo-beneficio da categoria. A pagina oficial destaca e-Platform 3.0, Bateria Blade, tela touchscreen rotativa de 12,8 polegadas e longa vida da bateria com mais de 5.000 ciclos. Casos de uso recomendados: cliente que quer entrar em carro eletrico uso urbano com recarga residencial ou planejada cliente que valoriza baixo ruido e tecnologia embarcada Trade-offs: depende de rotina de recarga autonomia real varia com uso, clima e velocidade Palavras-chave: hatch eletrico, BYD Dolphin, Bateria Blade, e-Platform 3.0, touchscreen 12,8, carro eletrico urbano."
14,BYD,Yuan Plus,byd-yuan-plus,SUV elétrico,suv,electric,electric,2026,Elétrico (AWD na linha 2027),204 (204 cv) / 449 (AWD 2027),Automático (redução única),Autonomia ~510–530 km (NEDC),269990,acima-220k,a partir de R$ 269.990,"Branco, Prata, Cinza, Azul, Verde","Tração integral (2027), teto panorâmico, ADAS","eletrico; SUV; performance; familia; ADAS","familia que quer SUV eletrico; cliente que prioriza desempenho forte; uso urbano/rodoviario com planejamento de recarga","SUV eletrico com Bateria Blade e e-Platform 3.0; pagina oficial atual destaca motor de 449 cv e 0-100 km/h em 3,9 s no Yuan Plus AWD; porta-malas amplo e interior com proposta mais ludica/tecnologica","preco alto no catalogo; demanda infraestrutura e planejamento de recarga","SUV eletrico; Yuan Plus AWD; 449 cv; 0-100 3,9; Bateria Blade; ADAS; trem de forca 8 em 1",https://www.byd.com/br/car/yuan-plus,current,imagens/byd_yuan_plus.jpg,"imagens/byd_yuan_plus.jpg; imagens/byd_yuan_plus_02.jpg; imagens/byd_yuan_plus_03.jpg; imagens/byd_yuan_plus_04.jpg",https://commons.wikimedia.org/wiki/Category:BYD_Yuan_Plus,"SUV compacto 100% elétrico (também conhecido como Atto 3). Versão 2027 com tração integral e 449 cv; autonomia de até ~530 km (NEDC). A partir de R$ 269.990.","BYD Yuan Plus (2026) Categoria: SUV elétrico. Carroceria normalizada: suv. Propulsao: electric. Motor: Elétrico (AWD na linha 2027). Potencia: 204 (204 cv) / 449 (AWD 2027) cv. Cambio: Automático (redução única). Consumo/autonomia: Autonomia ~510–530 km (NEDC). Preco do pacote: a partir de R$ 269.990 (a partir de R$ 269.990). Cores: Branco, Prata, Cinza, Azul, Verde. Itens e versoes: Tração integral (2027), teto panorâmico, ADAS. Descricao do pacote: SUV compacto 100% elétrico (também conhecido como Atto 3). Versão 2027 com tração integral e 449 cv; autonomia de até ~530 km (NEDC). A partir de R$ 269.990. Pontos enriquecidos por fonte oficial: A pagina oficial atual apresenta BYD Yuan Plus AWD e destaca motor de 449 cv com 0-100 km/h em 3,9 segundos. A pagina oficial destaca e-Platform 3.0, Bateria Blade, recursos avancados de ADAS e sistema de trem de forca eletrico 8 em 1. Casos de uso recomendados: familia que quer SUV eletrico cliente que prioriza desempenho forte uso urbano/rodoviario com planejamento de recarga Trade-offs: preco alto no catalogo demanda infraestrutura e planejamento de recarga Palavras-chave: SUV eletrico, Yuan Plus AWD, 449 cv, 0-100 3,9, Bateria Blade, ADAS, trem de forca 8 em 1."
15,BYD,Seal,byd-seal,Sedan elétrico,sedan,electric,electric,2026,Elétrico (RWD ou AWD),~313 (RWD) / ~530 (AWD),Automático (redução única),Autonomia ~510–570 km (NEDC),300000,acima-220k,referência (~R$ 300.000),"Branco, Preto, Cinza, Azul","Plataforma e-Platform 3.0, ADAS, alto desempenho","eletrico; sedan; performance; premium; tecnologia","cliente que quer sedan eletrico de alta performance; uso executivo premium com foco em tecnologia; comparacao com eletricos mais caros e sedans esportivos","sedan 100% eletrico com Bateria Blade; pagina oficial destaca CTB, iTAC e e-Platform 3.0; carregamento DC de 150 kW de 30% a 80% em 30 minutos segundo pagina oficial","maior preco do catalogo; exige rotina de recarga e tem proposta menos pratica para carga alta que SUVs/picapes","sedan eletrico; BYD Seal; CTB; iTAC; e-Platform 3.0; Bateria Blade; Dynaudio; carregamento DC 150 kW",https://www.byd.com/br/car/seal,current,imagens/byd_seal.jpg,"imagens/byd_seal.jpg; imagens/byd_seal_02.jpg; imagens/byd_seal_03.jpg; imagens/byd_seal_04.jpg",https://commons.wikimedia.org/wiki/Category:BYD_Seal,"Sedan esportivo 100% elétrico. Versões RWD (~313 cv) e AWD (~530 cv), autonomia de ~510 a 570 km (NEDC). Preço de referência a partir de ~R$ 300.000.","BYD Seal (2026) Categoria: Sedan elétrico. Carroceria normalizada: sedan. Propulsao: electric. Motor: Elétrico (RWD ou AWD). Potencia: ~313 (RWD) / ~530 (AWD) cv. Cambio: Automático (redução única). Consumo/autonomia: Autonomia ~510–570 km (NEDC). Preco do pacote: a partir de R$ 300.000 (referência (~R$ 300.000)). Cores: Branco, Preto, Cinza, Azul. Itens e versoes: Plataforma e-Platform 3.0, ADAS, alto desempenho. Descricao do pacote: Sedan esportivo 100% elétrico. Versões RWD (~313 cv) e AWD (~530 cv), autonomia de ~510 a 570 km (NEDC). Preço de referência a partir de ~R$ 300.000. Pontos enriquecidos por fonte oficial: A pagina oficial apresenta o Seal como sedan eletrico com tecnologia CTB, sistema iTAC e e-Platform 3.0. A pagina oficial informa carregamento DC de 150 kW, de 30% a 80% em 30 minutos, e tela rotativa de 15,6 polegadas. Casos de uso recomendados: cliente que quer sedan eletrico de alta performance uso executivo premium com foco em tecnologia comparacao com eletricos mais caros e sedans esportivos Trade-offs: maior preco do catalogo exige rotina de recarga e tem proposta menos pratica para carga alta que SUVs/picapes Palavras-chave: sedan eletrico, BYD Seal, CTB, iTAC, e-Platform 3.0, Bateria Blade, Dynaudio, carregamento DC 150 kW."
